{
    "landmark_0": {
        "x": 0.010449087247252464,
        "y": -0.6192814111709595,
        "z": -0.255731463432312,
        "visibility": 0.9999984502792358
    },
    "landmark_1": {
        "x": 0.017247309908270836,
        "y": -0.6576288938522339,
        "z": -0.24244996905326843,
        "visibility": 0.999994158744812
    },
    "landmark_2": {
        "x": 0.017745869234204292,
        "y": -0.6581469774246216,
        "z": -0.24170196056365967,
        "visibility": 0.9999929666519165
    },
    "landmark_3": {
        "x": 0.01760650798678398,
        "y": -0.6585151553153992,
        "z": -0.24172237515449524,
        "visibility": 0.9999936819076538
    },
    "landmark_4": {
        "x": -0.015023899264633656,
        "y": -0.6526418924331665,
        "z": -0.24275679886341095,
        "visibility": 0.9999946355819702
    },
    "landmark_5": {
        "x": -0.0148451654240489,
        "y": -0.6533682942390442,
        "z": -0.24363313615322113,
        "visibility": 0.9999936819076538
    },
    "landmark_6": {
        "x": -0.014785874634981155,
        "y": -0.6545872092247009,
        "z": -0.24259573221206665,
        "visibility": 0.999994158744812
    },
    "landmark_7": {
        "x": 0.06501062959432602,
        "y": -0.6614899039268494,
        "z": -0.13739515841007233,
        "visibility": 0.9999889135360718
    },
    "landmark_8": {
        "x": -0.08448319137096405,
        "y": -0.6493707895278931,
        "z": -0.1519710272550583,
        "visibility": 0.9999898672103882
    },
    "landmark_9": {
        "x": 0.031749024987220764,
        "y": -0.6019981503486633,
        "z": -0.21629929542541504,
        "visibility": 0.999997615814209
    },
    "landmark_10": {
        "x": -0.011783936060965061,
        "y": -0.5961636304855347,
        "z": -0.21954357624053955,
        "visibility": 0.9999978542327881
    },
    "landmark_11": {
        "x": 0.16793139278888702,
        "y": -0.4854969382286072,
        "z": -0.08718216419219971,
        "visibility": 0.999995231628418
    },
    "landmark_12": {
        "x": -0.17939907312393188,
        "y": -0.4746720492839813,
        "z": -0.10484936833381653,
        "visibility": 0.9999877214431763
    },
    "landmark_13": {
        "x": 0.2675343453884125,
        "y": -0.27242493629455566,
        "z": -0.08865231275558472,
        "visibility": 0.9945797920227051
    },
    "landmark_14": {
        "x": -0.29233670234680176,
        "y": -0.2598155736923218,
        "z": -0.08126137405633926,
        "visibility": 0.9876856803894043
    },
    "landmark_15": {
        "x": 0.37296563386917114,
        "y": -0.0810922235250473,
        "z": -0.18416163325309753,
        "visibility": 0.9913021326065063
    },
    "landmark_16": {
        "x": -0.39118272066116333,
        "y": -0.04523761570453644,
        "z": -0.15271109342575073,
        "visibility": 0.9749765992164612
    },
    "landmark_17": {
        "x": 0.40192753076553345,
        "y": -0.01480306126177311,
        "z": -0.20209063589572906,
        "visibility": 0.9807406067848206
    },
    "landmark_18": {
        "x": -0.4143970012664795,
        "y": 0.026837563142180443,
        "z": -0.1639517843723297,
        "visibility": 0.9506126642227173
    },
    "landmark_19": {
        "x": 0.38480377197265625,
        "y": -0.007401985116302967,
        "z": -0.24182197451591492,
        "visibility": 0.9824784994125366
    },
    "landmark_20": {
        "x": -0.40199917554855347,
        "y": 0.026000704616308212,
        "z": -0.19734884798526764,
        "visibility": 0.9560067057609558
    },
    "landmark_21": {
        "x": 0.3694858253002167,
        "y": -0.06384143978357315,
        "z": -0.19859273731708527,
        "visibility": 0.981393575668335
    },
    "landmark_22": {
        "x": -0.3835928738117218,
        "y": -0.02866809256374836,
        "z": -0.16845184564590454,
        "visibility": 0.9570921063423157
    },
    "landmark_23": {
        "x": 0.11436891555786133,
        "y": 0.0005515275988727808,
        "z": 0.006286166608333588,
        "visibility": 0.99979168176651
    },
    "landmark_24": {
        "x": -0.11453262716531754,
        "y": -0.0007678985130041838,
        "z": -0.005295830313116312,
        "visibility": 0.9997633099555969
    },
    "landmark_25": {
        "x": 0.10445984452962875,
        "y": 0.412724107503891,
        "z": 0.003048533108085394,
        "visibility": 0.9951164722442627
    },
    "landmark_26": {
        "x": -0.08743926882743835,
        "y": 0.39389318227767944,
        "z": 0.013805566355586052,
        "visibility": 0.9939622282981873
    },
    "landmark_27": {
        "x": 0.14363476634025574,
        "y": 0.7596716284751892,
        "z": 0.14102791249752045,
        "visibility": 0.9926213026046753
    },
    "landmark_28": {
        "x": -0.07014089822769165,
        "y": 0.734846830368042,
        "z": 0.1551275998353958,
        "visibility": 0.9905073642730713
    },
    "landmark_29": {
        "x": 0.1518251597881317,
        "y": 0.8037620186805725,
        "z": 0.14555299282073975,
        "visibility": 0.8347797393798828
    },
    "landmark_30": {
        "x": -0.06955118477344513,
        "y": 0.7783232927322388,
        "z": 0.16044025123119354,
        "visibility": 0.8316147923469543
    },
    "landmark_31": {
        "x": 0.17989280819892883,
        "y": 0.8733643889427185,
        "z": 0.02711476944386959,
        "visibility": 0.9850755929946899
    },
    "landmark_32": {
        "x": -0.0960908979177475,
        "y": 0.8464300036430359,
        "z": 0.04328060522675514,
        "visibility": 0.98504638671875
    }
}