{"username":"","age":"20","body_length":"{\"lr_shoulder\":0.32109446315513585,\"rl_shoulder\":0.32109446315513585,\"l_u_arm\":0.23103618815730242,\"r_u_arm\":0.24320764828754893,\"l_f_arm\":0.22616779693409952,\"r_f_arm\":0.25053357246895652,\"l_side\":0.48869407334845549,\"r_side\":0.44660666995609072,\"lr_hip\":0.21727848769267741,\"rl_hip\":0.21727848769267741,\"l_u_leg\":0.40587556081409121,\"r_u_leg\":0.3858472946395155,\"l_l_leg\":0.371256249798255,\"r_l_leg\":0.37486289185140675}","knee_game":{"max_score":"0","max_angle":"0"}}