{"body_length":"{\"lr_shoulder\":0.30932557264179511,\"rl_shoulder\":0.30932557264179511,\"l_u_arm\":0.23332320758588651,\"r_u_arm\":0.2536585453223848,\"l_f_arm\":0.21812457434029289,\"r_f_arm\":0.248050757604141,\"l_side\":0.4910842337016621,\"r_side\":0.44549149546950145,\"lr_hip\":0.21112739324034055,\"rl_hip\":0.21112739324034055,\"l_u_leg\":0.41495240748562656,\"r_u_leg\":0.40024171687817595,\"l_l_leg\":0.37692506965996658,\"r_l_leg\":0.38612494769868549}\"}"